lic_ticker,lic_name,year,ex_date,payment_date,dividend_type,dividend_phase,cash_amount,franking_level,corp_tax_rate,franking_credit_amount,grossed_up_amount,drp_price,lic_id
AFI,Australian Foundation Investment Company Limited,2014,7/02/2014,21/02/2014,Ordinary,Interim,0.08,1,0.3,0.0343,0.1143,5.86,
AFI,Australian Foundation Investment Company Limited,2014,8/08/2014,29/08/2014,Ordinary,Final,0.14,1,0.3,0.06,0.2,5.93,
AFI,Australian Foundation Investment Company Limited,2015,5/02/2014,20/02/2015,Ordinary,Interim,0.09,1,0.3,0.0386,0.1286,5.97,
AFI,Australian Foundation Investment Company Limited,2015,7/08/2015,28/08/2015,Ordinary,Final,0.14,1,0.3,0.06,0.2,6.03,
AFI,Australian Foundation Investment Company Limited,2016,3/02/2016,19/02/2016,Ordinary,Interim,0.1,1,0.3,0.0429,0.1429,5.43,
AFI,Australian Foundation Investment Company Limited,2016,9/08/2016,30/08/2016,Ordinary,Final,0.14,1,0.3,0.06,0.2,5.58,
AFI,Australian Foundation Investment Company Limited,2017,7/02/2017,24/02/2017,Ordinary,Interim,0.1,1,0.3,0.0429,0.1429,5.84,
AFI,Australian Foundation Investment Company Limited,2017,8/08/2017,30/08/2017,Ordinary,Final,0.14,1,0.3,0.06,0.2,5.92,
AFI,Australian Foundation Investment Company Limited,2018,8/02/2018,23/02/2018,Ordinary,Interim,0.1,1,0.3,0.0429,0.1429,6.11,
AFI,Australian Foundation Investment Company Limited,2018,8/08/2018,31/08/2018,Ordinary,Final,0.14,1,0.3,0.06,0.2,6.18,
AFI,Australian Foundation Investment Company Limited,2019,8/02/2019,25/02/2019,Ordinary,Interim,0.08,1,0.3,0.0343,0.1143,5.93,
AFI,Australian Foundation Investment Company Limited,2019,8/02/2019,25/02/2019,Special,Special,0.1,1,0.3,0.0429,0.1429,5.93,
AFI,Australian Foundation Investment Company Limited,2019,6/08/2019,29/08/2019,Ordinary,Final,0.14,1,0.3,0.06,0.2,6.21,
AFI,Australian Foundation Investment Company Limited,2020,7/02/2020,24/02/2020,Ordinary,Interim,0.1,1,0.3,0.0429,0.1429,6.93,
AFI,Australian Foundation Investment Company Limited,2020,11/08/2020,1/09/2020,Ordinary,Final,0.14,1,0.3,0.06,0.2,6.3,
AFI,Australian Foundation Investment Company Limited,2021,8/02/2021,23/02/2021,Ordinary,Interim,0.1,1,0.3,0.0429,0.1429,7.1,
AFI,Australian Foundation Investment Company Limited,2021,11/08/2021,31/08/2021,Ordinary,Final,0.14,1,0.3,0.06,0.2,8.1,
AFI,Australian Foundation Investment Company Limited,2022,9/02/2022,25/02/2022,Ordinary,Interim,0.1,1,0.3,0.0429,0.1429,7.86,
AFI,Australian Foundation Investment Company Limited,2022,10/08/2022,30/08/2022,Ordinary,Final,0.14,1,0.3,0.06,0.2,7.56,
AFI,Australian Foundation Investment Company Limited,2023,2/02/2023,24/02/2023,Ordinary,Interim,0.11,1,0.3,0.0471,0.1571,7.29,
AFI,Australian Foundation Investment Company Limited,2023,11/08/2023,1/09/2023,Ordinary,Final,0.14,1,0.3,0.06,0.2,7.03,
ARG,Argo Investments Limited,2014,11/02/2014,5/03/2014,Ordinary,Interim,0.135,1,0.3,0.0579,0.1929,7.16,
ARG,Argo Investments Limited,2014,18/08/2014,3/09/2014,Ordinary,Final,0.145,1,0.3,0.0621,0.2071,7.79,
ARG,Argo Investments Limited,2015,12/02/2015,4/03/2015,Ordinary,Interim,0.14,1,0.3,0.06,0.2,7.95,
ARG,Argo Investments Limited,2015,17/08/2015,2/09/2015,Ordinary,Final,0.155,1,0.3,0.0664,0.2214,7.85,
ARG,Argo Investments Limited,2016,11/02/2016,4/03/2016,Ordinary,Interim,0.15,1,0.3,0.0643,0.2143,7.15,
ARG,Argo Investments Limited,2016,23/08/2016,9/09/2016,Ordinary,Final,0.155,1,0.3,0.0664,0.2214,7.32,
ARG,Argo Investments Limited,2017,17/02/2017,10/03/2017,Ordinary,Interim,0.15,1,0.3,0.0643,0.2143,7.46,
ARG,Argo Investments Limited,2017,25/08/2017,15/09/2017,Ordinary,Final,0.16,1,0.3,0.0686,0.2286,7.63,
ARG,Argo Investments Limited,2018,16/02/2018,9/03/2018,Ordinary,Interim,0.155,1,0.3,0.0664,0.2214,7.98,
ARG,Argo Investments Limited,2018,24/08/2018,14/09/2018,Ordinary,Final,0.16,1,0.3,0.0686,0.2286,7.89,
ARG,Argo Investments Limited,2019,15/02/2019,8/03/2019,Ordinary,Interim,0.16,1,0.3,0.0686,0.2286,7.53,
ARG,Argo Investments Limited,2019,23/08/2019,13/09/2019,Ordinary,Final,0.17,1,0.3,0.0729,0.2429,8.05,
ARG,Argo Investments Limited,2020,14/02/2020,6/03/2020,Ordinary,Interim,0.16,1,0.3,0.0686,0.2286,8.82,
ARG,Argo Investments Limited,2020,28/08/2020,18/09/2020,Ordinary,Final,0.14,1,0.3,0.06,0.2,7.59,
ARG,Argo Investments Limited,2021,19/02/2021,12/03/2021,Ordinary,Interim,0.14,1,0.3,0.06,0.2,8.34,
ARG,Argo Investments Limited,2021,27/08/2021,17/09/2021,Ordinary,Final,0.14,1,0.3,0.06,0.2,9.23,
ARG,Argo Investments Limited,2022,18/02/2022,11/03/2022,Ordinary,Interim,0.16,1,0.3,0.0686,0.2286,9.6,
ARG,Argo Investments Limited,2022,26/08/2022,16/09/2022,Ordinary,Final,0.17,1,0.3,0.0729,0.2429,9.08,
ARG,Argo Investments Limited,2023,17/02/2023,10/03/2023,Ordinary,Interim,0.165,1,0.3,0.0707,0.2357,8.98,
ARG,Argo Investments Limited,2023,25/08/2023,15/09/2023,Ordinary,Final,0.18,1,0.3,0.0771,0.2571,8.67,
WAM,WAM Capital Limited,2014,18/03/2014,31/03/2014,Ordinary,Interim,0.065,1,0.3,0.0279,0.0929,1.9432,
WAM,WAM Capital Limited,2014,7/10/2014,17/10/2014,Ordinary,Final,0.065,1,0.3,0.0279,0.0929,1.8903,
WAM,WAM Capital Limited,2015,20/04/2015,30/04/2015,Ordinary,Interim,0.07,1,0.3,0.03,0.1,1.9154,
WAM,WAM Capital Limited,2015,19/10/2015,30/10/2015,Ordinary,Final,0.07,1,0.3,0.03,0.1,1.9186,
WAM,WAM Capital Limited,2016,27/04/2016,13/05/2016,Ordinary,Interim,0.0725,1,0.3,0.0311,0.1036,2.1135,
WAM,WAM Capital Limited,2016,17/10/2016,28/10/2016,Ordinary,Final,0.0725,1,0.3,0.0311,0.1036,2.2603,
WAM,WAM Capital Limited,2017,13/04/2017,28/04/2017,Ordinary,Interim,0.075,1,0.3,0.0321,0.1071,2.3699,
WAM,WAM Capital Limited,2017,17/10/2017,27/10/2017,Ordinary,Final,0.075,1,0.3,0.0321,0.1071,2.3531,
WAM,WAM Capital Limited,2018,12/04/2018,27/04/2018,Ordinary,Interim,0.0775,1,0.3,0.0332,0.1107,2.3502,
WAM,WAM Capital Limited,2018,16/11/2018,26/11/2018,Ordinary,Final,0.0775,1,0.3,0.0332,0.1107,2.0944,
WAM,WAM Capital Limited,2019,10/04/2019,26/04/2019,Ordinary,Interim,0.0775,1,0.3,0.0332,0.1107,2.0413,
WAM,WAM Capital Limited,2019,17/10/2019,25/10/2019,Ordinary,Final,0.0775,1,0.3,0.0332,0.1107,2.1544,
WAM,WAM Capital Limited,2020,20/04/2020,28/04/2020,Ordinary,Interim,0.0775,1,0.3,0.0332,0.1107,1.7986,
WAM,WAM Capital Limited,2020,19/11/2020,27/11/2020,Ordinary,Final,0.0775,1,0.3,0.0332,0.1107,2.1965,
WAM,WAM Capital Limited,2021,31/05/2021,7/06/2021,Ordinary,Interim,0.0775,1,0.3,0.0332,0.1107,2.1607,
WAM,WAM Capital Limited,2021,18/10/2021,29/10/2021,Ordinary,Final,0.0775,1,0.3,0.0332,0.1107,2.2381,
WAM,WAM Capital Limited,2022,6/06/2022,17/06/2022,Ordinary,Interim,0.0775,1,0.3,0.0332,0.1107,1.8999,
WAM,WAM Capital Limited,2022,17/10/2022,28/10/2022,Ordinary,Final,0.0775,1,0.3,0.0332,0.1107,1.6872,
WAM,WAM Capital Limited,2023,15/05/2023,26/05/2023,Ordinary,Interim,0.0775,1,0.3,0.0332,0.1107,1.6038,
WAM,WAM Capital Limited,2023,17/10/2023,31/10/2023,Ordinary,Final,0.0775,1,0.3,0.0332,0.1107,1.5619,
WLE,WAM Leaders Limited,2017,13/04/2017,28/04/2017,Ordinary,Interim,0.01,1,0.3,0.0043,0.0143,1.1242,
WLE,WAM Leaders Limited,2017,23/11/2017,5/12/2017,Ordinary,Final,0.02,1,0.3,0.0086,0.0286,1.1382,
WLE,WAM Leaders Limited,2018,12/04/2018,27/04/2018,Ordinary,Interim,0.025,1,0.3,0.0107,0.0357,1.1152,
WLE,WAM Leaders Limited,2018,12/10/2018,26/10/2018,Ordinary,Final,0.025,1,0.3,0.0107,0.0357,1.1281,
WLE,WAM Leaders Limited,2019,10/04/2019,26/04/2019,Ordinary,Interim,0.0265,1,0.3,0.0114,0.0379,1.0992,
WLE,WAM Leaders Limited,2019,11/10/2019,25/10/2019,Ordinary,Final,0.03,1,0.3,0.0129,0.0429,1.1493,
WLE,WAM Leaders Limited,2020,15/04/2020,28/04/2020,Ordinary,Interim,0.0325,1,0.3,0.0139,0.0464,1.0088,
WLE,WAM Leaders Limited,2020,19/10/2020,30/10/2020,Ordinary,Final,0.0325,1,0.3,0.0139,0.0464,1.2061,
WLE,WAM Leaders Limited,2021,14/04/2021,26/04/2021,Ordinary,Interim,0.035,1,0.3,0.015,0.05,1.5131,
WLE,WAM Leaders Limited,2021,18/10/2021,29/10/2021,Ordinary,Final,0.035,1,0.3,0.015,0.05,1.4826,
WLE,WAM Leaders Limited,2022,13/04/2022,29/04/2022,Ordinary,Interim,0.04,1,0.3,0.0171,0.0571,1.5431,
WLE,WAM Leaders Limited,2022,17/11/2022,30/11/2022,Ordinary,Final,0.04,1,0.3,0.0171,0.0571,1.4951,
WLE,WAM Leaders Limited,2023,19/05/2023,31/05/2023,Ordinary,Interim,0.045,1,0.3,0.0193,0.0643,1.4652,
WLE,WAM Leaders Limited,2023,17/10/2023,31/10/2023,Ordinary,Final,0.045,1,0.3,0.0193,0.0643,1.4086,
LSF,L1 Long Short Fund Limited,2021,1/03/2021,26/03/2021,Ordinary,Interim,0.015,1,0.3,0.0064,0.0214,2.15,
LSF,L1 Long Short Fund Limited,2021,13/09/2021,1/10/2021,Ordinary,Final,0.03,1,0.3,0.0129,0.0429,2.64,
LSF,L1 Long Short Fund Limited,2022,14/03/2022,1/04/2022,Ordinary,Interim,0.04,1,0.3,0.0171,0.0571,2.86,
LSF,L1 Long Short Fund Limited,2022,12/09/2022,30/09/2022,Ordinary,Final,0.045,1,0.3,0.0193,0.0643,2.48,
LSF,L1 Long Short Fund Limited,2023,15/03/2023,4/04/2023,Ordinary,Interim,0.05,1,0.3,0.0214,0.0714,2.67,
LSF,L1 Long Short Fund Limited,2023,11/09/2023,3/10/2023,Ordinary,Final,0.055,1,0.3,0.0236,0.0786,2.84,
MFF,MFF Capital Investments Limited,2014,29/04/2014,16/05/2014,Ordinary,Interim,0.01,0,0.3,0,0.01,1.4804,
MFF,MFF Capital Investments Limited,2014,13/10/2014,14/11/2014,Ordinary,Final,0.01,0,0.3,0,0.01,1.4659,
MFF,MFF Capital Investments Limited,2015,29/04/2015,15/05/2015,Ordinary,Interim,0.01,0,0.3,0,0.01,1.7414,
MFF,MFF Capital Investments Limited,2015,13/10/2015,12/11/2015,Ordinary,Final,0.01,1,0.3,0.0043,0.0143,1.8709,
MFF,MFF Capital Investments Limited,2016,29/04/2016,20/05/2016,Ordinary,Interim,0.01,1,0.3,0.0043,0.0143,1.9002,
MFF,MFF Capital Investments Limited,2016,13/10/2016,11/11/2016,Ordinary,Final,0.01,1,0.3,0.0043,0.0143,1.6999,
MFF,MFF Capital Investments Limited,2017,28/04/2017,19/05/2017,Ordinary,Interim,0.01,0.85,0.3,0.0036,0.0136,1.8607,
MFF,MFF Capital Investments Limited,2017,12/10/2017,10/11/2017,Ordinary,Final,0.01,1,0.3,0.0043,0.0143,1.9841,
MFF,MFF Capital Investments Limited,2018,27/04/2018,18/05/2018,Ordinary,Interim,0.015,1,0.3,0.0064,0.0214,2.3664,
MFF,MFF Capital Investments Limited,2018,11/10/2018,9/11/2018,Ordinary,Final,0.015,1,0.3,0.0064,0.0214,2.6879,
MFF,MFF Capital Investments Limited,2019,26/04/2019,17/05/2019,Ordinary,Interim,0.015,1,0.3,0.0064,0.0214,2.9642,
MFF,MFF Capital Investments Limited,2019,11/10/2019,8/11/2019,Ordinary,Final,0.02,1,0.3,0.0086,0.0286,3.2127,
MFF,MFF Capital Investments Limited,2020,3/02/2020,19/02/2020,Special,Special,0.2,1,0.3,0.0857,0.2857,3.6167,
MFF,MFF Capital Investments Limited,2020,24/04/2020,15/05/2020,Ordinary,Interim,0.025,1,0.3,0.0107,0.0357,2.869,
MFF,MFF Capital Investments Limited,2020,9/10/2020,6/11/2020,Ordinary,Final,0.03,1,0.3,0.0129,0.0429,2.6257,
MFF,MFF Capital Investments Limited,2021,23/04/2021,14/05/2021,Ordinary,Interim,0.03,1,0.3,0.0129,0.0429,2.7028,
MFF,MFF Capital Investments Limited,2021,8/10/2021,5/11/2021,Ordinary,Final,0.035,1,0.3,0.015,0.05,2.8962,
MFF,MFF Capital Investments Limited,2022,22/04/2022,13/05/2022,Ordinary,Interim,0.035,1,0.3,0.015,0.05,2.5043,
MFF,MFF Capital Investments Limited,2022,7/10/2022,4/11/2022,Ordinary,Final,0.04,1,0.3,0.0171,0.0571,2.3144,
MFF,MFF Capital Investments Limited,2023,21/04/2023,12/05/2023,Ordinary,Interim,0.045,1,0.3,0.0193,0.0643,2.5555,
MFF,MFF Capital Investments Limited,2023,6/10/2023,3/11/2023,Ordinary,Final,0.05,1,0.3,0.0214,0.0714,2.934,
BKI,BKI Investment Company Limited,2014,11/02/2014,27/02/2014,Ordinary,Interim,0.0345,1,0.3,0.0148,0.0493,1.61,
BKI,BKI Investment Company Limited,2014,12/08/2014,28/08/2014,Ordinary,Final,0.035,1,0.3,0.015,0.05,1.66,
BKI,BKI Investment Company Limited,2015,12/02/2015,26/02/2015,Ordinary,Interim,0.0355,1,0.3,0.0152,0.0507,1.75,
BKI,BKI Investment Company Limited,2015,5/08/2015,26/08/2015,Ordinary,Final,0.0365,1,0.3,0.0156,0.0521,1.6,
BKI,BKI Investment Company Limited,2016,4/02/2016,26/02/2016,Ordinary,Interim,0.036,1,0.3,0.0154,0.0514,1.59,
BKI,BKI Investment Company Limited,2016,5/08/2016,26/08/2016,Ordinary,Final,0.0365,1,0.3,0.0156,0.0521,1.6,
BKI,BKI Investment Company Limited,2017,10/02/2017,27/02/2017,Ordinary,Interim,0.036,1,0.3,0.0154,0.0514,1.64,
BKI,BKI Investment Company Limited,2017,4/08/2017,23/08/2017,Ordinary,Final,0.037,1,0.3,0.0159,0.0529,1.64,
BKI,BKI Investment Company Limited,2018,12/02/2018,28/02/2018,Ordinary,Interim,0.0363,1,0.3,0.0155,0.0518,1.68,
BKI,BKI Investment Company Limited,2018,10/08/2018,29/08/2018,Ordinary,Final,0.037,1,0.3,0.0159,0.0529,1.55,
BKI,BKI Investment Company Limited,2019,8/02/2019,28/02/2019,Ordinary,Interim,0.0363,1,0.3,0.0155,0.0518,1.52,
BKI,BKI Investment Company Limited,2019,8/02/2019,28/02/2019,Special,Special,0.015,1,0.3,0.0064,0.0214,1.52,
BKI,BKI Investment Company Limited,2019,9/08/2019,29/08/2019,Ordinary,Final,0.037,1,0.3,0.0159,0.0529,1.61,
BKI,BKI Investment Company Limited,2019,9/08/2019,29/08/2019,Special,Special,0.01,1,0.3,0.0043,0.0143,1.61,
BKI,BKI Investment Company Limited,2020,8/02/2020,27/02/2020,Ordinary,Interim,0.0363,1,0.3,0.0155,0.0518,1.68,
BKI,BKI Investment Company Limited,2020,7/08/2020,27/08/2020,Ordinary,Final,0.0232,1,0.3,0.0099,0.0331,1.42,
BKI,BKI Investment Company Limited,2020,7/08/2020,27/08/2020,Special,Special,0.01,1,0.3,0.0043,0.0143,1.42,
BKI,BKI Investment Company Limited,2021,5/02/2021,25/02/2021,Ordinary,Interim,0.02,1,0.3,0.0086,0.0286,1.51,
BKI,BKI Investment Company Limited,2021,6/08/2021,26/08/2021,Ordinary,Final,0.03,1,0.3,0.0129,0.0429,1.62,
BKI,BKI Investment Company Limited,2022,11/02/2022,3/03/2022,Ordinary,Interim,0.035,1,0.3,0.015,0.05,1.62,
BKI,BKI Investment Company Limited,2022,11/02/2022,3/03/2022,Special,Special,0.005,1,0.3,0.0021,0.0071,1.62,
BKI,BKI Investment Company Limited,2022,9/08/2022,30/08/2022,Ordinary,Final,0.0365,1,0.3,0.0156,0.0521,1.69,
BKI,BKI Investment Company Limited,2022,9/08/2022,30/08/2022,Special,Special,0.01,1,0.3,0.0043,0.0143,1.69,
BKI,BKI Investment Company Limited,2023,10/02/2023,28/02/2023,Ordinary,Interim,0.037,1,0.3,0.0159,0.0529,1.78,
BKI,BKI Investment Company Limited,2023,10/02/2023,28/02/2023,Special,Special,0.005,1,0.3,0.0021,0.0071,1.78,
BKI,BKI Investment Company Limited,2023,11/08/2023,29/08/2023,Ordinary,Final,0.04,1,0.3,0.0171,0.0571,1.77,
AUI,Australian United Investment Company Limited,2014,21/02/2014,17/03/2014,Ordinary,Interim,0.145,1,0.3,0.0621,0.2071,7.9708,
AUI,Australian United Investment Company Limited,2014,3/09/2014,25/09/2014,Ordinary,Final,0.175,1,0.3,0.075,0.25,8.883,
AUI,Australian United Investment Company Limited,2015,24/02/2015,17/03/2015,Ordinary,Interim,0.155,1,0.3,0.0664,0.2214,8.5764,
AUI,Australian United Investment Company Limited,2015,2/09/2015,25/09/2015,Ordinary,Final,0.185,1,0.3,0.0793,0.2643,7.8021,
AUI,Australian United Investment Company Limited,2016,23/02/2016,15/03/2016,Ordinary,Interim,0.155,1,0.3,0.0664,0.2214,6.9431,
AUI,Australian United Investment Company Limited,2016,1/09/2016,23/09/2016,Ordinary,Final,0.185,1,0.3,0.0793,0.2643,7.2857,
AUI,Australian United Investment Company Limited,2017,23/02/2017,15/03/2017,Ordinary,Interim,0.155,1,0.3,0.0664,0.2214,7.8274,
AUI,Australian United Investment Company Limited,2017,30/08/2017,22/09/2017,Ordinary,Final,0.185,1,0.3,0.0793,0.2643,8.2278,
AUI,Australian United Investment Company Limited,2018,22/02/2018,14/03/2018,Ordinary,Interim,0.16,1,0.3,0.0686,0.2286,8.6073,
AUI,Australian United Investment Company Limited,2018,3/09/2018,21/09/2018,Ordinary,Final,0.19,1,0.3,0.0814,0.2714,8.5456,
AUI,Australian United Investment Company Limited,2019,22/02/2019,14/03/2019,Ordinary,Interim,0.17,1,0.3,0.0729,0.2429,8.4118,
AUI,Australian United Investment Company Limited,2019,2/09/2019,20/09/2019,Ordinary,Final,0.19,1,0.3,0.0814,0.2714,9.1338,
AUI,Australian United Investment Company Limited,2020,21/02/2020,16/03/2020,Ordinary,Interim,0.17,1,0.3,0.0729,0.2429,9.7139,
AUI,Australian United Investment Company Limited,2020,2/09/2020,22/09/2020,Ordinary,Final,0.19,1,0.3,0.0814,0.2714,8.0776,
AUI,Australian United Investment Company Limited,2021,23/02/2021,17/03/2021,Ordinary,Interim,0.17,1,0.3,0.0729,0.2429,8.9443,
AUI,Australian United Investment Company Limited,2021,1/09/2021,23/09/2021,Ordinary,Final,0.19,1,0.3,0.0814,0.2714,10.0201,
AUI,Australian United Investment Company Limited,2022,23/02/2022,18/03/2022,Ordinary,Interim,0.17,1,0.3,0.0729,0.2429,9.4518,
AUI,Australian United Investment Company Limited,2022,23/08/2022,9/09/2022,Ordinary,Final,0.2,1,0.3,0.0857,0.2857,9.6494,
AUI,Australian United Investment Company Limited,2023,23/02/2023,17/03/2023,Ordinary,Interim,0.17,1,0.3,0.0729,0.2429,9.8921,
AUI,Australian United Investment Company Limited,2023,28/08/2023,19/09/2023,Ordinary,Final,0.2,1,0.3,0.0857,0.2857,9.6008,
DUI,Diversified United Investment Limited,2014,21/02/2014,17/03/2014,Ordinary,Interim,0.065,1,0.3,0.0279,0.0929,3.5276,
DUI,Diversified United Investment Limited,2014,3/09/2014,25/09/2014,Ordinary,Final,0.075,1,0.3,0.0321,0.1071,3.8326,
DUI,Diversified United Investment Limited,2015,24/02/2015,17/03/2015,Ordinary,Interim,0.065,1,0.3,0.0279,0.0929,3.6647,
DUI,Diversified United Investment Limited,2015,2/09/2015,25/09/2015,Ordinary,Final,0.075,1,0.3,0.0321,0.1071,3.2981,
DUI,Diversified United Investment Limited,2016,23/02/2016,15/03/2016,Ordinary,Interim,0.065,1,0.3,0.0279,0.0929,3.1723,
DUI,Diversified United Investment Limited,2016,1/09/2016,23/09/2016,Ordinary,Final,0.075,1,0.3,0.0321,0.1071,3.3571,
DUI,Diversified United Investment Limited,2017,23/02/2017,15/03/2017,Ordinary,Interim,0.065,1,0.3,0.0279,0.0929,3.5611,
DUI,Diversified United Investment Limited,2017,30/08/2017,22/09/2017,Ordinary,Final,0.08,1,0.3,0.0343,0.1143,3.7225,
DUI,Diversified United Investment Limited,2018,22/02/2018,14/03/2018,Ordinary,Interim,0.065,1,0.3,0.0279,0.0929,4.0737,
DUI,Diversified United Investment Limited,2018,3/09/2018,21/09/2018,Ordinary,Final,0.085,1,0.3,0.0364,0.1214,4.2526,
DUI,Diversified United Investment Limited,2019,22/02/2019,14/03/2019,Ordinary,Interim,0.07,1,0.3,0.03,0.1,4.0608,
DUI,Diversified United Investment Limited,2019,2/09/2019,20/09/2019,Ordinary,Final,0.085,1,0.3,0.0364,0.1214,4.4554,
DUI,Diversified United Investment Limited,2020,21/02/2020,16/03/2020,Ordinary,Interim,0.07,1,0.3,0.03,0.1,5.0164,
DUI,Diversified United Investment Limited,2020,2/09/2020,22/09/2020,Ordinary,Final,0.085,1,0.3,0.0364,0.1214,4.2038,
DUI,Diversified United Investment Limited,2021,23/02/2021,17/03/2021,Ordinary,Interim,0.07,1,0.3,0.03,0.1,4.7367,
DUI,Diversified United Investment Limited,2021,1/09/2021,23/09/2021,Ordinary,Final,0.085,1,0.3,0.0364,0.1214,5.2388,
DUI,Diversified United Investment Limited,2022,23/02/2022,18/03/2022,Ordinary,Interim,0.07,1,0.3,0.03,0.1,4.8941,
DUI,Diversified United Investment Limited,2022,23/08/2022,9/09/2022,Ordinary,Final,0.09,1,0.3,0.0386,0.1286,4.9018,
DUI,Diversified United Investment Limited,2023,23/02/2023,17/03/2023,Ordinary,Interim,0.07,1,0.3,0.03,0.1,4.9234,
DUI,Diversified United Investment Limited,2023,28/08/2023,19/09/2023,Ordinary,Final,0.09,1,0.3,0.0386,0.1286,4.801,
CIN,Carlton Investments Limited,2014,27/02/2014,20/03/2014,Ordinary,Interim,0.37,1,0.3,0.1586,0.5286,25.3,
CIN,Carlton Investments Limited,2014,29/08/2014,17/09/2014,Ordinary,Final,0.63,1,0.3,0.27,0.9,28.36,
CIN,Carlton Investments Limited,2015,2/03/2015,19/03/2015,Ordinary,Interim,0.43,1,0.3,0.1843,0.6143,31,
CIN,Carlton Investments Limited,2015,31/08/2015,21/09/2015,Ordinary,Final,0.65,1,0.3,0.2786,0.9286,29.5,
CIN,Carlton Investments Limited,2016,2/03/2016,21/03/2016,Ordinary,Interim,0.46,1,0.3,0.1971,0.6571,32.26,
CIN,Carlton Investments Limited,2016,31/08/2016,26/09/2016,Ordinary,Final,0.68,1,0.3,0.2914,0.9714,31.5,
CIN,Carlton Investments Limited,2016,31/08/2016,26/09/2016,Special,Special,0.07,1,0.3,0.03,0.1,31.5,
CIN,Carlton Investments Limited,2017,28/02/2017,20/03/2017,Ordinary,Interim,0.48,1,0.3,0.2057,0.6857,31.48,
CIN,Carlton Investments Limited,2017,31/08/2017,25/09/2017,Ordinary,Final,0.68,1,0.3,0.2914,0.9714,30.51,
CIN,Carlton Investments Limited,2018,28/02/2018,20/03/2018,Ordinary,Interim,0.51,1,0.3,0.2186,0.7286,32.86,
CIN,Carlton Investments Limited,2018,31/08/2018,24/09/2018,Ordinary,Final,0.7,1,0.3,0.3,1,33.7,
CIN,Carlton Investments Limited,2019,28/02/2019,25/03/2019,Ordinary,Interim,0.55,1,0.3,0.2357,0.7857,30.6,
CIN,Carlton Investments Limited,2019,30/08/2019,23/09/2019,Ordinary,Final,0.7,1,0.3,0.3,1,32,
CIN,Carlton Investments Limited,2019,30/08/2019,23/09/2019,Special,Special,0.08,1,0.3,0.0343,0.1143,32,
CIN,Carlton Investments Limited,2020,28/02/2020,23/03/2020,Ordinary,Interim,0.55,1,0.3,0.2357,0.7857,19,
CIN,Carlton Investments Limited,2020,1/09/2020,21/09/2020,Ordinary,Final,0.56,1,0.3,0.24,0.8,23.23,
CIN,Carlton Investments Limited,2021,26/02/2021,22/03/2021,Ordinary,Interim,0.26,1,0.3,0.1114,0.3714,27.3,
CIN,Carlton Investments Limited,2021,31/08/2021,20/09/2021,Ordinary,Final,0.41,1,0.3,0.1757,0.5857,31.8,
CIN,Carlton Investments Limited,2022,28/02/2022,21/03/2022,Ordinary,Interim,0.4,1,0.3,0.1714,0.5714,31.51,
CIN,Carlton Investments Limited,2022,31/08/2022,19/09/2022,Ordinary,Final,0.44,1,0.3,0.1886,0.6286,29.7,
CIN,Carlton Investments Limited,2022,31/08/2022,19/09/2022,Special,Special,0.14,1,0.3,0.06,0.2,29.7,
CIN,Carlton Investments Limited,2023,1/03/2023,20/03/2023,Ordinary,Interim,0.4,1,0.3,0.1714,0.5714,29.4,
CIN,Carlton Investments Limited,2023,1/03/2023,20/03/2023,Special,Special,0.09,1,0.3,0.0386,0.1286,29.4,
CIN,Carlton Investments Limited,2023,31/08/2023,18/09/2023,Ordinary,Final,0.6,1,0.3,0.2571,0.8571,28.77,
PL8,Plato Income Maximiser Limited,2018,16/10/2017,31/10/2017,Ordinary,Interim,0.0045,1,0.28,0.0017,0.0062,1.1,
PL8,Plato Income Maximiser Limited,2018,15/11/2017,30/11/2017,Ordinary,Interim,0.0045,1,0.28,0.0017,0.0062,1.085,
PL8,Plato Income Maximiser Limited,2018,13/12/2017,29/12/2017,Ordinary,Interim,0.0045,1,0.28,0.0017,0.0062,1.09,
PL8,Plato Income Maximiser Limited,2018,16/01/2018,31/01/2018,Ordinary,Interim,0.0045,1,0.28,0.0017,0.0062,1.085,
PL8,Plato Income Maximiser Limited,2018,13/02/2018,28/02/2018,Ordinary,Interim,0.0045,1,0.28,0.0017,0.0062,1.065,
PL8,Plato Income Maximiser Limited,2018,14/03/2018,29/03/2018,Ordinary,Interim,0.0045,1,0.28,0.0017,0.0062,0.975,
PL8,Plato Income Maximiser Limited,2018,16/04/2018,30/04/2018,Ordinary,Interim,0.005,1,0.28,0.0019,0.0069,1.05,
PL8,Plato Income Maximiser Limited,2018,16/05/2018,31/05/2018,Ordinary,Interim,0.005,1,0.28,0.0019,0.0069,1.03,
PL8,Plato Income Maximiser Limited,2018,14/06/2018,29/06/2018,Ordinary,Interim,0.005,1,0.28,0.0019,0.0069,1.025,
PL8,Plato Income Maximiser Limited,2018,16/07/2018,31/07/2018,Ordinary,Final,0.005,1,0.28,0.0019,0.0069,1.04,
PL8,Plato Income Maximiser Limited,2019,16/08/2018,31/08/2018,Ordinary,Interim,0.005,1,0.28,0.0019,0.0069,1.035,
PL8,Plato Income Maximiser Limited,2019,13/09/2018,28/09/2018,Ordinary,Interim,0.005,1,0.3,0.0021,0.0071,1.025,
PL8,Plato Income Maximiser Limited,2019,16/10/2018,31/10/2018,Ordinary,Interim,0.005,1,0.3,0.0021,0.0071,0.995,
PL8,Plato Income Maximiser Limited,2019,15/11/2018,30/11/2018,Ordinary,Interim,0.005,1,0.3,0.0021,0.0071,1.025,
PL8,Plato Income Maximiser Limited,2019,18/12/2018,31/12/2018,Ordinary,Interim,0.005,1,0.3,0.0021,0.0071,0.995,
PL8,Plato Income Maximiser Limited,2019,16/01/2019,31/01/2019,Ordinary,Interim,0.005,1,0.3,0.0021,0.0071,1.03,
PL8,Plato Income Maximiser Limited,2019,15/02/2019,28/02/2019,Ordinary,Interim,0.005,1,0.3,0.0021,0.0071,1.04,
PL8,Plato Income Maximiser Limited,2019,14/03/2019,29/03/2019,Ordinary,Interim,0.005,1,0.3,0.0021,0.0071,1.035,
PL8,Plato Income Maximiser Limited,2019,15/04/2019,30/04/2019,Ordinary,Interim,0.005,1,0.3,0.0021,0.0071,1.085,
PL8,Plato Income Maximiser Limited,2019,16/05/2019,31/05/2019,Special,Special,0.03,1,0.3,0.0129,0.0429,1.07,
PL8,Plato Income Maximiser Limited,2019,16/05/2019,31/05/2019,Ordinary,Interim,0.005,1,0.3,0.0021,0.0071,1.07,
PL8,Plato Income Maximiser Limited,2019,13/06/2019,28/06/2019,Ordinary,Interim,0.005,1,0.3,0.0021,0.0071,1.125,
PL8,Plato Income Maximiser Limited,2019,16/07/2019,31/07/2019,Ordinary,Final,0.005,1,0.3,0.0021,0.0071,1.19,
PL8,Plato Income Maximiser Limited,2020,15/08/2019,30/08/2019,Ordinary,Interim,0.005,1,0.3,0.0021,0.0071,1.125,
PL8,Plato Income Maximiser Limited,2020,13/09/2019,30/09/2019,Ordinary,Interim,0.005,1,0.3,0.0021,0.0071,1.14,
PL8,Plato Income Maximiser Limited,2020,16/10/2019,31/10/2019,Ordinary,Interim,0.005,1,0.3,0.0021,0.0071,1.17,
PL8,Plato Income Maximiser Limited,2020,14/11/2019,29/11/2019,Ordinary,Interim,0.005,1,0.3,0.0021,0.0071,1.17,
PL8,Plato Income Maximiser Limited,2020,16/12/2019,31/12/2019,Ordinary,Interim,0.005,1,0.3,0.0021,0.0071,1.19,
PL8,Plato Income Maximiser Limited,2020,16/01/2020,31/01/2020,Ordinary,Interim,0.005,1,0.3,0.0021,0.0071,1.18,
PL8,Plato Income Maximiser Limited,2020,13/02/2020,28/02/2020,Ordinary,Interim,0.005,1,0.3,0.0021,0.0071,1.085,
PL8,Plato Income Maximiser Limited,2020,16/03/2020,31/03/2020,Ordinary,Interim,0.005,1,0.3,0.0021,0.0071,0.85,
PL8,Plato Income Maximiser Limited,2020,17/04/2020,30/04/2020,Ordinary,Interim,0.004,1,0.3,0.0017,0.0057,1.04,
PL8,Plato Income Maximiser Limited,2020,14/05/2020,29/05/2020,Ordinary,Interim,0.004,1,0.3,0.0017,0.0057,0.985,
PL8,Plato Income Maximiser Limited,2020,15/06/2020,30/06/2020,Ordinary,Interim,0.004,1,0.3,0.0017,0.0057,0.99,
PL8,Plato Income Maximiser Limited,2020,16/07/2020,31/07/2020,Ordinary,Final,0.004,1,0.3,0.0017,0.0057,1.005,
PL8,Plato Income Maximiser Limited,2021,14/08/2020,31/08/2020,Ordinary,Interim,0.004,1,0.3,0.0017,0.0057,1.045,
PL8,Plato Income Maximiser Limited,2021,15/09/2020,30/09/2020,Ordinary,Interim,0.004,1,0.3,0.0017,0.0057,1.06,
PL8,Plato Income Maximiser Limited,2021,15/10/2020,30/10/2020,Ordinary,Interim,0.004,1,0.3,0.0017,0.0057,1.07,
PL8,Plato Income Maximiser Limited,2021,13/11/2020,30/11/2020,Ordinary,Interim,0.004,1,0.3,0.0017,0.0057,1.105,
PL8,Plato Income Maximiser Limited,2021,16/12/2020,31/12/2020,Ordinary,Interim,0.004,1,0.3,0.0017,0.0057,1.15,
PL8,Plato Income Maximiser Limited,2021,18/01/2021,29/01/2021,Ordinary,Interim,0.004,1,0.3,0.0017,0.0057,1.18,
PL8,Plato Income Maximiser Limited,2021,11/02/2021,26/02/2021,Ordinary,Interim,0.004,1,0.3,0.0017,0.0057,1.195,
PL8,Plato Income Maximiser Limited,2021,16/03/2021,31/03/2021,Ordinary,Interim,0.004,1,0.3,0.0017,0.0057,1.18,
PL8,Plato Income Maximiser Limited,2021,15/04/2021,30/04/2021,Ordinary,Interim,0.004,1,0.3,0.0017,0.0057,1.195,
PL8,Plato Income Maximiser Limited,2021,14/05/2021,31/05/2021,Ordinary,Interim,0.004,1,0.3,0.0017,0.0057,1.215,
PL8,Plato Income Maximiser Limited,2021,15/06/2021,30/06/2021,Ordinary,Interim,0.004,1,0.3,0.0017,0.0057,1.27,
PL8,Plato Income Maximiser Limited,2021,19/07/2021,30/07/2021,Ordinary,Final,0.0045,1,0.3,0.0019,0.0064,1.29,
PL8,Plato Income Maximiser Limited,2022,16/08/2021,31/08/2021,Ordinary,Interim,0.0045,1,0.3,0.0019,0.0064,1.29,
PL8,Plato Income Maximiser Limited,2022,15/09/2021,30/09/2021,Ordinary,Interim,0.0045,1,0.3,0.0019,0.0064,1.285,
PL8,Plato Income Maximiser Limited,2022,18/10/2021,29/10/2021,Ordinary,Interim,0.005,1,0.3,0.0021,0.0071,1.29,
PL8,Plato Income Maximiser Limited,2022,15/11/2021,30/11/2021,Ordinary,Interim,0.005,1,0.3,0.0021,0.0071,1.165,
PL8,Plato Income Maximiser Limited,2022,16/12/2021,31/12/2021,Ordinary,Interim,0.005,1,0.3,0.0021,0.0071,1.195,
PL8,Plato Income Maximiser Limited,2022,19/01/2022,31/01/2022,Ordinary,Interim,0.005,1,0.3,0.0021,0.0071,1.185,
PL8,Plato Income Maximiser Limited,2022,11/02/2022,28/02/2022,Ordinary,Interim,0.005,1,0.3,0.0021,0.0071,1.175,
PL8,Plato Income Maximiser Limited,2022,16/03/2022,31/03/2022,Ordinary,Interim,0.005,1,0.3,0.0021,0.0071,1.235,
PL8,Plato Income Maximiser Limited,2022,21/04/2022,29/04/2022,Ordinary,Interim,0.0055,1,0.3,0.0024,0.0079,1.28,
PL8,Plato Income Maximiser Limited,2022,16/05/2022,31/05/2022,Ordinary,Interim,0.0055,1,0.3,0.0024,0.0079,1.24,
PL8,Plato Income Maximiser Limited,2022,16/05/2022,31/05/2022,Special,Special,0.0055,1,0.3,0.0024,0.0079,1.24,
PL8,Plato Income Maximiser Limited,2022,15/06/2022,30/06/2022,Ordinary,Interim,0.0055,1,0.3,0.0024,0.0079,1.17,
PL8,Plato Income Maximiser Limited,2022,20/07/2022,29/07/2022,Ordinary,Final,0.0055,1,0.3,0.0024,0.0079,1.2,
PL8,Plato Income Maximiser Limited,2023,16/08/2022,31/08/2022,Ordinary,Interim,0.0055,1,0.3,0.0024,0.0079,1.205,
PL8,Plato Income Maximiser Limited,2023,15/09/2022,30/09/2022,Ordinary,Interim,0.0055,1,0.3,0.0024,0.0079,1.165,
PL8,Plato Income Maximiser Limited,2023,20/10/2022,31/10/2022,Ordinary,Interim,0.0055,1,0.3,0.0024,0.0079,1.215,
PL8,Plato Income Maximiser Limited,2023,15/11/2022,30/11/2022,Ordinary,Interim,0.0055,1,0.3,0.0024,0.0079,1.17,
PL8,Plato Income Maximiser Limited,2023,15/12/2022,30/12/2022,Ordinary,Interim,0.0055,1,0.3,0.0024,0.0079,1.185,
PL8,Plato Income Maximiser Limited,2023,19/01/2023,31/01/2023,Ordinary,Interim,0.0055,1,0.3,0.0024,0.0079,1.215,
PL8,Plato Income Maximiser Limited,2023,13/02/2023,28/02/2023,Ordinary,Interim,0.0055,1,0.3,0.0024,0.0079,1.24,
PL8,Plato Income Maximiser Limited,2023,16/03/2023,31/03/2023,Ordinary,Interim,0.0055,1,0.3,0.0024,0.0079,1.245,
PL8,Plato Income Maximiser Limited,2023,20/04/2023,28/04/2023,Ordinary,Interim,0.0055,1,0.3,0.0024,0.0079,1.25,
PL8,Plato Income Maximiser Limited,2023,16/05/2023,31/05/2023,Ordinary,Interim,0.0055,1,0.3,0.0024,0.0079,1.25,
PL8,Plato Income Maximiser Limited,2023,15/06/2023,30/06/2023,Ordinary,Interim,0.0055,1,0.3,0.0024,0.0079,1.27,
PL8,Plato Income Maximiser Limited,2023,20/07/2023,31/07/2023,Ordinary,Final,0.0055,1,0.3,0.0024,0.0079,1.25,
PL8,Plato Income Maximiser Limited,2024,16/08/2023,31/08/2023,Ordinary,Interim,0.0055,1,0.3,0.0024,0.0079,1.255,
PL8,Plato Income Maximiser Limited,2024,14/09/2023,29/09/2023,Ordinary,Interim,0.0055,1,0.3,0.0024,0.0079,1.23,
PL8,Plato Income Maximiser Limited,2024,19/10/2023,31/10/2023,Ordinary,Interim,0.0055,1,0.3,0.0024,0.0079,1.165,
PL8,Plato Income Maximiser Limited,2024,15/11/2023,30/11/2023,Ordinary,Interim,0.0055,1,0.3,0.0024,0.0079,1.13,
DJW,Djerriwarrh Investments Limited,2014,28/01/2014,18/02/2014,Ordinary,Interim,0.1,1,0.3,0.0429,0.1429,4.52,
DJW,Djerriwarrh Investments Limited,2014,5/08/2014,22/08/2014,Ordinary,Final,0.16,1,0.3,0.0686,0.2286,4.7,
DJW,Djerriwarrh Investments Limited,2015,29/01/2015,17/02/2015,Ordinary,Interim,0.1,1,0.3,0.0429,0.1429,4.68,
DJW,Djerriwarrh Investments Limited,2015,4/08/2015,21/08/2015,Ordinary,Final,0.16,1,0.3,0.0686,0.2286,4.31,
DJW,Djerriwarrh Investments Limited,2016,28/01/2016,16/02/2016,Ordinary,Interim,0.1,1,0.3,0.0429,0.1429,3.92,
DJW,Djerriwarrh Investments Limited,2016,5/08/2016,26/08/2016,Ordinary,Final,0.14,1,0.3,0.06,0.2,3.59,
DJW,Djerriwarrh Investments Limited,2017,30/01/2017,21/02/2017,Ordinary,Interim,0.1,1,0.3,0.0429,0.1429,3.53,
DJW,Djerriwarrh Investments Limited,2017,4/08/2017,25/08/2017,Ordinary,Final,0.1,1,0.3,0.0429,0.1429,3.44,
DJW,Djerriwarrh Investments Limited,2018,29/01/2018,21/02/2018,Ordinary,Interim,0.1,1,0.3,0.0429,0.1429,3.33,
DJW,Djerriwarrh Investments Limited,2018,7/08/2018,27/08/2018,Ordinary,Final,0.1,1,0.3,0.0429,0.1429,3.29,
DJW,Djerriwarrh Investments Limited,2019,29/01/2019,21/02/2019,Ordinary,Interim,0.1,1,0.3,0.0429,0.1429,3.03,
DJW,Djerriwarrh Investments Limited,2019,5/08/2019,27/08/2019,Ordinary,Final,0.1,1,0.3,0.0429,0.1429,3.31,
DJW,Djerriwarrh Investments Limited,2020,29/01/2020,20/02/2020,Ordinary,Interim,0.0875,1,0.3,0.0375,0.125,3.26,
DJW,Djerriwarrh Investments Limited,2020,6/08/2020,28/08/2020,Ordinary,Final,0.0525,1,0.3,0.0225,0.075,2.52,
DJW,Djerriwarrh Investments Limited,2021,29/01/2021,22/02/2021,Ordinary,Interim,0.0525,1,0.3,0.0225,0.075,2.89,
DJW,Djerriwarrh Investments Limited,2021,5/08/2021,27/08/2021,Ordinary,Final,0.0575,1,0.3,0.0246,0.0821,3.1,
DJW,Djerriwarrh Investments Limited,2022,2/02/2022,23/02/2022,Ordinary,Interim,0.0675,1,0.3,0.0289,0.0964,3.12,
DJW,Djerriwarrh Investments Limited,2022,8/08/2022,26/08/2022,Ordinary,Final,0.07,1,0.3,0.03,0.1,2.85,
DJW,Djerriwarrh Investments Limited,2023,30/01/2023,22/02/2023,Ordinary,Interim,0.0725,1,0.3,0.0311,0.1036,2.89,
DJW,Djerriwarrh Investments Limited,2023,10/08/2023,25/08/2023,Ordinary,Final,0.0775,1,0.3,0.0332,0.1107,2.87,
PGF,PM Capital Global Opportunities Fund Limited,2016,9/03/2016,31/03/2016,Ordinary,Interim,0.015,1,0.3,0.0064,0.0214,0.8978,
PGF,PM Capital Global Opportunities Fund Limited,2016,7/09/2016,29/09/2016,Ordinary,Final,0.015,1,0.3,0.0064,0.0214,0.8536,
PGF,PM Capital Global Opportunities Fund Limited,2017,8/03/2017,30/03/2017,Ordinary,Interim,0.016,1,0.3,0.0069,0.0229,0.9845,
PGF,PM Capital Global Opportunities Fund Limited,2017,6/09/2017,28/09/2017,Ordinary,Final,0.018,1,0.3,0.0077,0.0257,1.058,
PGF,PM Capital Global Opportunities Fund Limited,2018,7/03/2018,29/03/2018,Ordinary,Interim,0.018,1,0.3,0.0077,0.0257,1.2278,
PGF,PM Capital Global Opportunities Fund Limited,2018,5/09/2018,27/09/2018,Ordinary,Final,0.018,1,0.3,0.0077,0.0257,1.3042,
PGF,PM Capital Global Opportunities Fund Limited,2019,6/03/2019,28/03/2019,Ordinary,Interim,0.018,1,0.3,0.0077,0.0257,1.0772,
PGF,PM Capital Global Opportunities Fund Limited,2019,4/09/2019,26/09/2019,Ordinary,Final,0.02,1,0.3,0.0086,0.0286,1.0625,
PGF,PM Capital Global Opportunities Fund Limited,2020,4/03/2020,26/03/2020,Ordinary,Interim,0.02,1,0.3,0.0086,0.0286,0.9301,
PGF,PM Capital Global Opportunities Fund Limited,2020,2/09/2020,8/10/2020,Ordinary,Final,0.025,1,0.3,0.0107,0.0357,0.9679,
PGF,PM Capital Global Opportunities Fund Limited,2021,3/03/2021,25/03/2021,Ordinary,Interim,0.025,1,0.3,0.0107,0.0357,1.2697,
PGF,PM Capital Global Opportunities Fund Limited,2021,15/09/2021,14/10/2021,Ordinary,Final,0.05,1,0.3,0.0214,0.0714,1.4878,
PGF,PM Capital Global Opportunities Fund Limited,2022,1/04/2022,29/04/2022,Ordinary,Interim,0.05,1,0.3,0.0214,0.0714,1.6745,
PGF,PM Capital Global Opportunities Fund Limited,2022,15/09/2022,6/10/2022,Ordinary,Final,0.05,1,0.3,0.0214,0.0714,1.4985,
PGF,PM Capital Global Opportunities Fund Limited,2023,15/03/2023,13/04/2023,Ordinary,Interim,0.05,1,0.3,0.0214,0.0714,1.7572,
PGF,PM Capital Global Opportunities Fund Limited,2023,13/09/2023,5/10/2023,Ordinary,Final,0.05,1,0.3,0.0214,0.0714,1.8332,
WGB,WAM Global Limited,2019,11/10/2019,25/10/2019,Ordinary,Final,0.02,1,0.3,0.0086,0.0286,2.0973,
WGB,WAM Global Limited,2020,15/04/2020,28/04/2020,Ordinary,Interim,0.03,1,0.3,0.0129,0.0429,1.841,
WGB,WAM Global Limited,2020,19/10/2020,30/10/2020,Ordinary,Final,0.04,1,0.3,0.0171,0.0571,2.1874,
WGB,WAM Global Limited,2021,31/05/2021,7/06/2021,Ordinary,Interim,0.05,1,0.3,0.0214,0.0714,2.5346,
WGB,WAM Global Limited,2021,19/11/2021,26/11/2021,Ordinary,Final,0.05,1,0.3,0.0214,0.0714,2.4722,
WGB,WAM Global Limited,2022,16/05/2022,27/05/2022,Ordinary,Interim,0.055,1,0.3,0.0236,0.0786,2.004,
WGB,WAM Global Limited,2022,12/10/2022,25/10/2022,Ordinary,Final,0.055,1,0.3,0.0236,0.0786,1.7707,
WGB,WAM Global Limited,2023,12/04/2023,24/04/2023,Ordinary,Interim,0.0575,1,0.3,0.0246,0.0821,1.815,
WGB,WAM Global Limited,2023,12/10/2023,27/10/2023,Ordinary,Final,0.0575,1,0.3,0.0246,0.0821,1.9199,
WHF,Whitefield Industrials Limited,2014,21/11/2013,12/12/2013,Ordinary,Interim,0.085,1,0.3,0.0364,0.1214,3.89,
WHF,Whitefield Industrials Limited,2014,26/05/2014,13/06/2014,Ordinary,Final,0.085,1,0.3,0.0364,0.1214,4.03,
WHF,Whitefield Industrials Limited,2015,20/11/2014,12/12/2014,Ordinary,Interim,0.085,1,0.3,0.0364,0.1214,4.05,
WHF,Whitefield Industrials Limited,2015,22/05/2015,12/06/2015,Ordinary,Final,0.085,1,0.3,0.0364,0.1214,4.45,
WHF,Whitefield Industrials Limited,2016,20/11/2015,11/12/2015,Ordinary,Interim,0.085,1,0.3,0.0364,0.1214,4.06,
WHF,Whitefield Industrials Limited,2016,27/05/2016,14/06/2016,Ordinary,Final,0.085,1,0.3,0.0364,0.1214,4.13,
WHF,Whitefield Industrials Limited,2017,24/11/2016,12/12/2016,Ordinary,Interim,0.085,1,0.3,0.0364,0.1214,4.15,
WHF,Whitefield Industrials Limited,2017,26/05/2017,13/06/2017,Ordinary,Final,0.085,1,0.3,0.0364,0.1214,4.34,
WHF,Whitefield Industrials Limited,2018,24/11/2017,12/12/2017,Ordinary,Interim,0.0875,1,0.3,0.0375,0.125,4.6,
WHF,Whitefield Industrials Limited,2018,23/05/2018,12/06/2018,Ordinary,Final,0.09,1,0.3,0.0386,0.1286,4.36,
WHF,Whitefield Industrials Limited,2019,23/11/2018,12/12/2018,Ordinary,Interim,0.0975,1,0.3,0.0418,0.1393,4.23,
WHF,Whitefield Industrials Limited,2019,27/05/2019,12/06/2019,Ordinary,Final,0.1,1,0.3,0.0429,0.1429,4.64,
WHF,Whitefield Industrials Limited,2020,25/11/2019,12/12/2019,Ordinary,Interim,0.1025,1,0.3,0.0439,0.1464,5.13,
WHF,Whitefield Industrials Limited,2020,27/05/2020,12/06/2020,Ordinary,Final,0.1025,1,0.3,0.0439,0.1464,4.51,
WHF,Whitefield Industrials Limited,2021,25/11/2020,11/12/2020,Ordinary,Interim,0.1025,1,0.3,0.0439,0.1464,5.19,
WHF,Whitefield Industrials Limited,2021,26/05/2021,11/06/2021,Ordinary,Final,0.1025,1,0.3,0.0439,0.1464,5.49,
WHF,Whitefield Industrials Limited,2022,24/11/2021,10/12/2021,Ordinary,Interim,0.1025,1,0.3,0.0439,0.1464,5.62,
WHF,Whitefield Industrials Limited,2022,27/05/2022,14/06/2022,Ordinary,Final,0.1025,1,0.3,0.0439,0.1464,5.29,
WHF,Whitefield Industrials Limited,2023,24/11/2022,12/12/2022,Ordinary,Interim,0.1025,1,0.3,0.0439,0.1464,5.04,
WHF,Whitefield Industrials Limited,2023,26/05/2023,13/06/2023,Ordinary,Final,0.1025,1,0.3,0.0439,0.1464,5.1,
WHF,Whitefield Industrials Limited,2024,27/11/2023,13/12/2023,Ordinary,Interim,0.1025,1,0.3,0.0439,0.1464,4.88,
HM1,Hearts and Minds Investments Limited,2021,7/04/2021,20/04/2021,Ordinary,Final,0.12,1,0.3,0.0514,0.1714,4.3909,
HM1,Hearts and Minds Investments Limited,2022,30/03/2022,12/04/2022,Ordinary,Final,0.135,1,0.3,0.0579,0.1929,2.8812,
HM1,Hearts and Minds Investments Limited,2023,15/03/2023,13/04/2023,Ordinary,Final,0.135,1,0.3,0.0579,0.1929,2.3579,
MIR,Mirrabooka Investments Limited,2014,28/01/2014,11/02/2014,Ordinary,Interim,0.035,1,0.3,0.015,0.05,2.33,
MIR,Mirrabooka Investments Limited,2014,23/07/2014,8/08/2014,Special,Special,0.1,1,0.3,0.0429,0.1429,2.46,
MIR,Mirrabooka Investments Limited,2014,23/07/2014,8/08/2014,Ordinary,Final,0.065,1,0.3,0.0279,0.0929,2.46,
MIR,Mirrabooka Investments Limited,2015,22/01/2015,10/02/2015,Ordinary,Interim,0.035,1,0.3,0.015,0.05,2.23,
MIR,Mirrabooka Investments Limited,2015,22/07/2015,7/08/2015,Special,Special,0.07,1,0.3,0.03,0.1,2.5,
MIR,Mirrabooka Investments Limited,2015,22/07/2015,7/08/2015,Ordinary,Final,0.065,1,0.3,0.0279,0.0929,2.5,
MIR,Mirrabooka Investments Limited,2016,20/01/2015,9/02/2016,Ordinary,Interim,0.035,1,0.3,0.015,0.05,2.46,
MIR,Mirrabooka Investments Limited,2016,25/07/2016,9/08/2016,Ordinary,Final,0.065,1,0.3,0.0279,0.0929,2.71,
MIR,Mirrabooka Investments Limited,2016,25/07/2016,9/08/2016,Special,Special,0.05,1,0.3,0.0214,0.0714,2.71,
MIR,Mirrabooka Investments Limited,2017,23/01/2017,14/02/2017,Ordinary,Interim,0.035,1,0.3,0.015,0.05,2.57,
MIR,Mirrabooka Investments Limited,2017,26/07/2017,10/08/2017,Special,Special,0.04,1,0.28,0.0152,0.0552,2.58,
MIR,Mirrabooka Investments Limited,2017,26/07/2017,10/08/2017,Ordinary,Final,0.065,1,0.28,0.0247,0.0897,2.58,
MIR,Mirrabooka Investments Limited,2018,22/01/2018,15/02/2018,Ordinary,Interim,0.035,1,0.28,0.0133,0.0483,2.58,
MIR,Mirrabooka Investments Limited,2018,26/07/2018,13/08/2018,Special,Special,0.02,1,0.28,0.0076,0.0276,2.58,
MIR,Mirrabooka Investments Limited,2018,26/07/2018,13/08/2018,Ordinary,Final,0.065,1,0.28,0.0247,0.0897,2.58,
MIR,Mirrabooka Investments Limited,2019,22/01/2019,15/02/2019,Ordinary,Interim,0.035,1,0.3,0.015,0.05,2.4,
MIR,Mirrabooka Investments Limited,2019,22/01/2019,15/02/2019,Special,Special,0.1,1,0.3,0.0429,0.1429,2.4,
MIR,Mirrabooka Investments Limited,2019,25/07/2019,12/08/2019,Ordinary,Final,0.065,1,0.3,0.0279,0.0929,2.5,
MIR,Mirrabooka Investments Limited,2020,22/01/2020,14/02/2020,Ordinary,Interim,0.035,1,0.3,0.015,0.05,2.57,
MIR,Mirrabooka Investments Limited,2020,30/07/2020,17/08/2020,Ordinary,Final,0.065,1,0.3,0.0279,0.0929,2.43,
MIR,Mirrabooka Investments Limited,2021,22/01/2021,16/02/2021,Ordinary,Interim,0.035,1,0.3,0.015,0.05,3.19,
MIR,Mirrabooka Investments Limited,2021,28/07/2021,17/08/2021,Ordinary,Final,0.065,1,0.3,0.0279,0.0929,3.7,
MIR,Mirrabooka Investments Limited,2021,28/07/2021,17/08/2021,Special,Special,0.02,1,0.3,0.0086,0.0286,3.7,
MIR,Mirrabooka Investments Limited,2022,24/01/2022,17/02/2022,Ordinary,Interim,0.035,1,0.3,0.015,0.05,3.64,
MIR,Mirrabooka Investments Limited,2022,27/07/2022,17/08/2022,Special,Special,0.02,1,0.3,0.0086,0.0286,2.94,
MIR,Mirrabooka Investments Limited,2022,27/07/2022,17/08/2022,Ordinary,Final,0.065,1,0.3,0.0279,0.0929,2.94,
MIR,Mirrabooka Investments Limited,2023,24/01/2022,17/02/2023,Ordinary,Interim,0.035,1,0.3,0.015,0.05,2.72,
MIR,Mirrabooka Investments Limited,2023,28/07/2023,17/08/2023,Special,Special,0.045,1,0.3,0.0193,0.0643,2.86,
MIR,Mirrabooka Investments Limited,2023,28/07/2023,17/08/2023,Ordinary,Final,0.065,1,0.3,0.0279,0.0929,2.86,
VG1,VGI Partners Global Investments Limited,2020,2/03/2020,3/04/2020,Ordinary,Interim,0.01,1,0.3,0.0043,0.0143,2.0642,
VG1,VGI Partners Global Investments Limited,2020,24/08/2020,23/09/2020,Ordinary,Final,0.015,1,0.3,0.0064,0.0214,1.8726,
VG1,VGI Partners Global Investments Limited,2021,11/02/2021,17/03/2021,Ordinary,Interim,0.015,1,0.3,0.0064,0.0214,2.1795,
VG1,VGI Partners Global Investments Limited,2021,26/08/2021,29/09/2021,Ordinary,Final,0.055,1,0.3,0.0236,0.0786,2.1491,
VG1,VGI Partners Global Investments Limited,2022,16/03/2022,19/04/2022,Ordinary,Interim,0.045,1,0.3,0.0193,0.0643,1.7734,
VG1,VGI Partners Global Investments Limited,2022,25/08/2022,28/09/2022,Ordinary,Final,0.045,0.73,0.3,0.0141,0.0591,1.44,
VG1,VGI Partners Global Investments Limited,2023,23/02/2023,29/03/2023,Ordinary,Interim,0.045,1,0.3,0.0193,0.0643,1.5524,
VG1,VGI Partners Global Investments Limited,2023,23/08/2023,25/09/2023,Ordinary,Final,0.05,1,0.3,0.0214,0.0714,1.5617,
FGX,Future Generation Australia,2015,12/10/2015,23/10/2015,Ordinary,Interim,0.02,1,0.3,0.0086,0.0286,1.0649,
FGX,Future Generation Australia,2015,13/04/2016,29/04/2016,Ordinary,Final,0.02,1,0.3,0.0086,0.0286,1.0829,
FGX,Future Generation Australia,2016,10/10/2016,21/10/2016,Ordinary,Interim,0.02,1,0.3,0.0086,0.0286,1.1199,
FGX,Future Generation Australia,2016,6/04/2017,21/04/2017,Ordinary,Final,0.021,1,0.3,0.009,0.03,1.1191,
FGX,Future Generation Australia,2017,17/10/2017,27/10/2017,Ordinary,Interim,0.022,1,0.3,0.0094,0.0314,1.1328,
FGX,Future Generation Australia,2017,12/04/2018,27/04/2018,Ordinary,Final,0.022,1,0.3,0.0094,0.0314,1.1638,
FGX,Future Generation Australia,2018,12/10/2018,26/10/2018,Ordinary,Interim,0.023,1,0.3,0.0099,0.0329,1.2636,
FGX,Future Generation Australia,2018,10/04/2019,26/04/2019,Ordinary,Final,0.023,1,0.3,0.0099,0.0329,1.1568,
FGX,Future Generation Australia,2019,11/10/2019,25/10/2019,Ordinary,Interim,0.024,1,0.3,0.0103,0.0343,1.1394,
FGX,Future Generation Australia,2019,15/04/2020,28/04/2020,Ordinary,Final,0.026,1,0.3,0.0111,0.0371,0.9225,
FGX,Future Generation Australia,2020,19/10/2020,30/10/2020,Ordinary,Interim,0.026,1,0.3,0.0111,0.0371,1.1784,
FGX,Future Generation Australia,2020,14/04/2021,26/04/2021,Ordinary,Final,0.026,1,0.3,0.0111,0.0371,1.2772,
FGX,Future Generation Australia,2021,19/11/2021,26/11/2021,Ordinary,Interim,0.03,1,0.3,0.0129,0.0429,1.4041,
FGX,Future Generation Australia,2021,13/04/2022,29/04/2022,Ordinary,Final,0.03,1,0.3,0.0129,0.0429,1.337,
FGX,Future Generation Australia,2022,17/10/2022,28/10/2022,Ordinary,Interim,0.0325,1,0.3,0.0139,0.0464,1.1458,
FGX,Future Generation Australia,2022,12/04/2023,24/04/2023,Ordinary,Final,0.0325,1,0.3,0.0139,0.0464,1.1282,
FGG,Future Generation Global,2016,18/10/2016,31/10/2016,Ordinary,Final,0.01,1,0.3,0.0043,0.0143,1.0766,
FGG,Future Generation Global,2017,17/10/2017,27/10/2017,Ordinary,Final,0.01,1,0.28,0.0038,0.0138,1.1327,
FGG,Future Generation Global,2018,8/10/2018,26/10/2018,Ordinary,Final,0.01,1,0.3,0.0043,0.0143,1.3298,
FGG,Future Generation Global,2019,11/10/2019,25/10/2019,Ordinary,Final,0.015,1,0.3,0.0064,0.0214,1.2767,
FGG,Future Generation Global,2020,12/10/2020,23/10/2020,Ordinary,Final,0.02,1,0.3,0.0086,0.0286,1.3459,
FGG,Future Generation Global,2021,11/10/2021,22/10/2021,Ordinary,Interim,0.03,1,0.3,0.0129,0.0429,1.5403,
FGG,Future Generation Global,2021,16/05/2022,27/05/2022,Ordinary,Final,0.03,1,0.3,0.0129,0.0429,1.2755,
FGG,Future Generation Global,2022,12/10/2022,25/10/2022,Ordinary,Interim,0.035,1,0.3,0.015,0.05,1.1038,
FGG,Future Generation Global,2022,11/04/2023,21/04/2023,Ordinary,Final,0.035,1,0.3,0.015,0.05,1.1516,
PIC,Perpetual Equity Investment Company Limited,2015,25/08/2015,10/09/2015,Ordinary,Final,0.005,1,0.3,0.0021,0.0071,0.93,
PIC,Perpetual Equity Investment Company Limited,2016,3/03/2016,21/03/2016,Ordinary,Interim,0.008,1,0.3,0.0034,0.0114,0.91,
PIC,Perpetual Equity Investment Company Limited,2016,25/08/2016,12/09/2016,Ordinary,Final,0.02,1,0.3,0.0086,0.0286,0.94,
PIC,Perpetual Equity Investment Company Limited,2017,28/02/2017,17/03/2017,Ordinary,Interim,0.022,1,0.3,0.0094,0.0314,0.99,
PIC,Perpetual Equity Investment Company Limited,2017,23/08/2017,8/09/2017,Ordinary,Final,0.025,1,0.3,0.0107,0.0357,1.04,
PIC,Perpetual Equity Investment Company Limited,2018,20/03/2018,11/04/2018,Ordinary,Interim,0.03,1,0.3,0.0129,0.0429,1.09,
PIC,Perpetual Equity Investment Company Limited,2018,18/10/2018,2/11/2018,Ordinary,Final,0.033,1,0.28,0.0125,0.0455,1.1,
PIC,Perpetual Equity Investment Company Limited,2019,3/04/2019,26/04/2019,Ordinary,Interim,0.031,1,0.28,0.0118,0.0428,0.99,
PIC,Perpetual Equity Investment Company Limited,2019,2/10/2019,18/10/2019,Ordinary,Final,0.034,1,0.3,0.0146,0.0486,0.99,
PIC,Perpetual Equity Investment Company Limited,2020,1/04/2020,24/04/2020,Ordinary,Interim,0.032,1,0.3,0.0137,0.0457,0.79,
PIC,Perpetual Equity Investment Company Limited,2020,30/09/2020,23/10/2020,Ordinary,Final,0.028,1,0.3,0.012,0.04,1,
PIC,Perpetual Equity Investment Company Limited,2021,6/04/2021,26/04/2021,Ordinary,Interim,0.028,1,0.3,0.012,0.04,1.22,
PIC,Perpetual Equity Investment Company Limited,2021,28/09/2021,20/10/2021,Ordinary,Final,0.028,1,0.3,0.012,0.04,1.27,
PIC,Perpetual Equity Investment Company Limited,2022,5/04/2022,29/04/2022,Ordinary,Interim,0.028,1,0.3,0.012,0.04,1.33,
PIC,Perpetual Equity Investment Company Limited,2022,27/09/2022,19/10/2022,Ordinary,Final,0.028,1,0.3,0.012,0.04,1.17,
PIC,Perpetual Equity Investment Company Limited,2022,27/09/2022,19/10/2022,Special,Special,0.005,1,0.3,0.0021,0.0071,1.17,
PIC,Perpetual Equity Investment Company Limited,2023,27/03/2023,18/04/2023,Ordinary,Interim,0.033,1,0.3,0.0141,0.0471,1.18,
PIC,Perpetual Equity Investment Company Limited,2023,26/09/2023,18/10/2023,Ordinary,Final,0.04,1,0.3,0.0171,0.0571,1.18,
RG8,Regal Asian Investments Limited,2021,30/08/2021,29/09/2021,Ordinary,Final,0.055,1,0.3,0.0236,0.0786,2.1377,
RG8,Regal Asian Investments Limited,2022,16/03/2022,19/04/2022,Ordinary,Interim,0.05,1,0.3,0.0214,0.0714,2.0419,
RG8,Regal Asian Investments Limited,2022,29/08/2022,30/09/2022,Ordinary,Final,0.05,0.51,0.3,0.011,0.061,1.9364,
RG8,Regal Asian Investments Limited,2023,27/02/2023,29/03/2023,Ordinary,Interim,0.05,1,0.3,0.0214,0.0714,2.0462,
RG8,Regal Asian Investments Limited,2023,24/08/2023,25/09/2023,Ordinary,Final,0.05,1,0.3,0.0214,0.0714,1.9132,
ALI,Argo Global Listed Infrastructure Limited,2016,25/02/2016,18/03/2016,Ordinary,Interim,0.005,0,0,0,0.005,1.68,
ALI,Argo Global Listed Infrastructure Limited,2016,30/08/2016,14/09/2016,Ordinary,Final,0.025,0,0,0,0.025,1.78,
ALI,Argo Global Listed Infrastructure Limited,2017,3/03/2017,24/03/2017,Ordinary,Interim,0.01,0,0,0,0.01,1.71,
ALI,Argo Global Listed Infrastructure Limited,2017,8/09/2017,29/09/2017,Ordinary,Final,0.025,0,0,0,0.025,1.74,
ALI,Argo Global Listed Infrastructure Limited,2018,2/03/2018,23/03/2018,Ordinary,Interim,0.0125,0,0,0,0.0125,1.69,
ALI,Argo Global Listed Infrastructure Limited,2018,7/09/2018,28/09/2018,Ordinary,Final,0.025,1,0.28,0.0095,0.0345,1.91,
ALI,Argo Global Listed Infrastructure Limited,2019,1/03/2019,22/03/2019,Ordinary,Interim,0.025,1,0.28,0.0095,0.0345,2.01,
ALI,Argo Global Listed Infrastructure Limited,2019,6/09/2019,27/09/2019,Ordinary,Final,0.04,1,0.3,0.0171,0.0571,2.34,
ALI,Argo Global Listed Infrastructure Limited,2020,28/02/2020,20/03/2020,Ordinary,Interim,0.03,1,0.3,0.0129,0.0429,1.82,
ALI,Argo Global Listed Infrastructure Limited,2020,11/09/2020,2/10/2020,Ordinary,Final,0.045,1,0.3,0.0193,0.0643,2.07,
ALI,Argo Global Listed Infrastructure Limited,2021,5/03/2021,26/03/2021,Ordinary,Interim,0.035,1,0.3,0.015,0.05,2.03,
ALI,Argo Global Listed Infrastructure Limited,2021,10/09/2021,1/10/2021,Ordinary,Final,0.045,1,0.3,0.0193,0.0643,2.4,
ALI,Argo Global Listed Infrastructure Limited,2022,4/03/2022,25/03/2022,Ordinary,Interim,0.035,1,0.3,0.015,0.05,2.29,
ALI,Argo Global Listed Infrastructure Limited,2022,9/09/2022,30/09/2022,Ordinary,Final,0.045,1,0.3,0.0193,0.0643,2.57,
ALI,Argo Global Listed Infrastructure Limited,2023,3/03/2023,24/03/2023,Ordinary,Interim,0.04,1,0.3,0.0171,0.0571,2.33,
ALI,Argo Global Listed Infrastructure Limited,2023,8/09/2023,29/09/2023,Ordinary,Final,0.045,1,0.3,0.0193,0.0643,2.12,
PMC,Platinum Capital Limited,2014,18/02/2014,10/03/2014,Ordinary,Interim,0.03,1,0.3,0.0129,0.0429,1.75,
PMC,Platinum Capital Limited,2014,21/08/2014,8/09/2014,Ordinary,Final,0.05,1,0.3,0.0214,0.0714,1.74,
PMC,Platinum Capital Limited,2015,18/02/2015,13/03/2015,Ordinary,Interim,0.05,1,0.3,0.0214,0.0714,1.73,
PMC,Platinum Capital Limited,2015,18/08/2015,11/09/2015,Ordinary,Final,0.06,1,0.3,0.0257,0.0857,1.82,
PMC,Platinum Capital Limited,2016,12/02/2016,4/03/2016,Ordinary,Interim,0.03,1,0.3,0.0129,0.0429,1.54,
PMC,Platinum Capital Limited,2016,24/08/2016,13/09/2016,Ordinary,Final,0.04,1,0.3,0.0171,0.0571,1.49,
PMC,Platinum Capital Limited,2017,21/02/2017,13/03/2017,Ordinary,Interim,0.04,1,0.3,0.0171,0.0571,1.54,
PMC,Platinum Capital Limited,2017,22/08/2017,11/09/2017,Ordinary,Final,0.06,1,0.3,0.0257,0.0857,1.6397,
PMC,Platinum Capital Limited,2018,23/02/2018,13/03/2018,Ordinary,Interim,0.04,1,0.3,0.0171,0.0571,1.9263,
PMC,Platinum Capital Limited,2018,24/08/2018,12/09/2018,Ordinary,Final,0.06,1,0.3,0.0257,0.0857,1.7972,
PMC,Platinum Capital Limited,2019,26/08/2019,19/03/2019,Ordinary,Interim,0.03,1,0.3,0.0129,0.0429,1.6246,
PMC,Platinum Capital Limited,2019,27/02/2019,19/03/2019,Special,Special,0.03,1,0.3,0.0129,0.0429,1.6246,
PMC,Platinum Capital Limited,2019,28/02/2020,13/09/2019,Ordinary,Final,0.04,1,0.3,0.0171,0.0571,1.4527,
PMC,Platinum Capital Limited,2020,11/03/2020,19/03/2020,Ordinary,Interim,0.03,1,0.3,0.0129,0.0429,1.2887,
PMC,Platinum Capital Limited,2020,31/08/2020,21/09/2020,Ordinary,Final,0.03,1,0.3,0.0129,0.0429,1.2467,
PMC,Platinum Capital Limited,2021,25/02/2021,18/03/2021,Ordinary,Interim,0.03,1,0.3,0.0129,0.0429,1.4661,
PMC,Platinum Capital Limited,2021,26/08/2021,16/09/2021,Ordinary,Final,0.04,1,0.3,0.0171,0.0571,1.4588,
PMC,Platinum Capital Limited,2022,24/02/2022,18/03/2022,Ordinary,Interim,0.03,1,0.3,0.0129,0.0429,1.4645,
PMC,Platinum Capital Limited,2022,25/08/2022,15/09/2022,Ordinary,Final,0.03,1,0.3,0.0129,0.0429,1.2705,
PMC,Platinum Capital Limited,2023,23/02/2023,17/03/2023,Ordinary,Interim,0.03,1,0.3,0.0129,0.0429,1.3411,
PMC,Platinum Capital Limited,2023,24/08/2023,15/09/2023,Ordinary,Final,0.03,1,0.3,0.0129,0.0429,1.2996,
WMI,WAM Microcap Limited,2018,12/04/2018,27/04/2018,Ordinary,Interim,0.02,1,0.3,0.0086,0.0286,1.3571,
WMI,WAM Microcap Limited,2018,12/10/2018,26/10/2018,Ordinary,Final,0.02,1,0.3,0.0086,0.0286,1.3985,
WMI,WAM Microcap Limited,2018,12/10/2028,26/10/2018,Special,Special,0.02,1,0.3,0.0086,0.0286,1.3985,
WMI,WAM Microcap Limited,2019,10/04/2019,26/04/2019,Ordinary,Interim,0.0225,1,0.3,0.0096,0.0321,1.1763,
WMI,WAM Microcap Limited,2019,4/10/2019,18/10/2019,Ordinary,Final,0.0225,1,0.3,0.0096,0.0321,1.3808,
WMI,WAM Microcap Limited,2019,4/10/2019,18/10/2019,Special,Special,0.0225,1,0.3,0.0096,0.0321,1.3808,
WMI,WAM Microcap Limited,2020,6/04/2020,21/04/2020,Ordinary,Interim,0.03,1,0.3,0.0129,0.0429,1.0812,
WMI,WAM Microcap Limited,2020,12/10/2020,23/10/2020,Ordinary,Final,0.03,1,0.3,0.0129,0.0429,1.5971,
WMI,WAM Microcap Limited,2020,12/10/2020,23/10/2020,Special,Special,0.03,1,0.3,0.0129,0.0429,1.5971,
WMI,WAM Microcap Limited,2021,7/04/2021,20/04/2021,Ordinary,Interim,0.04,1,0.3,0.0171,0.0571,2.1274,
WMI,WAM Microcap Limited,2021,11/10/2021,22/10/2021,Ordinary,Final,0.04,1,0.3,0.0171,0.0571,2.0047,
WMI,WAM Microcap Limited,2021,11/10/2021,22/10/2021,Special,Special,0.04,1,0.3,0.0171,0.0571,2.0047,
WMI,WAM Microcap Limited,2022,4/04/2022,14/04/2022,Ordinary,Interim,0.05,1,0.3,0.0214,0.0714,1.8519,
WMI,WAM Microcap Limited,2022,4/10/2022,17/10/2022,Ordinary,Final,0.05,1,0.3,0.0214,0.0714,1.4888,
WMI,WAM Microcap Limited,2023,12/04/2023,24/04/2023,Ordinary,Interim,0.0525,1,0.3,0.0225,0.075,1.5233,
WMI,WAM Microcap Limited,2023,3/10/2023,16/10/2023,Ordinary,Final,0.0525,1,0.3,0.0225,0.075,1.4091,
PAI,Platinum Asia Investments Limited,2017,22/08/2017,13/09/2017,Ordinary,Final,0.01,1,0.3,0.0043,0.0143,1.018,
PAI,Platinum Asia Investments Limited,2018,2/03/2018,19/03/2018,Ordinary,Interim,0.04,1,0.3,0.0171,0.0571,1.2706,
PAI,Platinum Asia Investments Limited,2018,24/08/2018,17/09/2018,Ordinary,Final,0.06,1,0.3,0.0257,0.0857,1.1799,
PAI,Platinum Asia Investments Limited,2019,5/03/2019,25/03/2019,Ordinary,Interim,0.02,1,0.3,0.0086,0.0286,1.0779,
PAI,Platinum Asia Investments Limited,2019,5/09/2019,23/09/2019,Ordinary,Final,0.02,1,0.3,0.0086,0.0286,0.9136,
PAI,Platinum Asia Investments Limited,2020,5/03/2020,25/03/2020,Ordinary,Interim,0.02,1,0.3,0.0086,0.0286,0.9479,
PAI,Platinum Asia Investments Limited,2020,26/08/2020,16/09/2020,Ordinary,Final,0.03,1,0.3,0.0129,0.0429,1.1215,
PAI,Platinum Asia Investments Limited,2021,25/02/2021,18/03/2021,Ordinary,Interim,0.04,1,0.3,0.0171,0.0571,1.3372,
PAI,Platinum Asia Investments Limited,2021,26/08/2021,16/09/2021,Ordinary,Final,0.06,1,0.3,0.0257,0.0857,1.1621,
PAI,Platinum Asia Investments Limited,2022,24/02/2022,18/03/2022,Ordinary,Interim,0.025,1,0.3,0.0107,0.0357,1.032,
PAI,Platinum Asia Investments Limited,2022,25/08/2022,15/09/2022,Ordinary,Final,0.025,1,0.25,0.0083,0.0333,0.8521,
PAI,Platinum Asia Investments Limited,2023,23/02/2023,17/03/2023,Ordinary,Interim,0.025,1,0.25,0.0083,0.0333,0.9047,
PAI,Platinum Asia Investments Limited,2023,24/08/2023,15/09/2023,Ordinary,Final,0.025,1,0.25,0.0083,0.0333,0.8334,
AMH,AMCIL Limited,2014,12/08/2014,26/08/2014,Ordinary,Final,0.025,1,0.3,0.0107,0.0357,0.94,
AMH,AMCIL Limited,2014,12/08/2014,26/08/2014,Special,Special,0.04,1,0.3,0.0171,0.0571,0.94,
AMH,AMCIL Limited,2015,11/08/2015,25/08/2015,Ordinary,Final,0.04,1,0.3,0.0171,0.0571,0.85,
AMH,AMCIL Limited,2016,8/08/2016,25/08/2016,Ordinary,Final,0.035,1,0.3,0.015,0.05,0.95,
AMH,AMCIL Limited,2017,7/08/2017,24/08/2017,Ordinary,Final,0.035,1,0.3,0.015,0.05,0.88,
AMH,AMCIL Limited,2018,6/08/2018,24/08/2018,Ordinary,Final,0.0425,1,0.3,0.0182,0.0607,0.91,
AMH,AMCIL Limited,2019,30/01/2019,22/02/2019,Ordinary,Interim,0.02,1,0.3,0.0086,0.0286,0.86,
AMH,AMCIL Limited,2019,30/01/2019,22/02/2019,Special,Special,0.015,1,0.3,0.0064,0.0214,0.86,
AMH,AMCIL Limited,2019,1/08/2019,23/08/2019,Ordinary,Final,0.035,1,0.3,0.015,0.05,0.87,
AMH,AMCIL Limited,2020,4/08/2020,27/08/2020,Ordinary,Final,0.025,1,0.3,0.0107,0.0357,0.92,
AMH,AMCIL Limited,2021,4/08/2021,26/08/2021,Ordinary,Final,0.025,1,0.3,0.0107,0.0357,1.27,
AMH,AMCIL Limited,2021,4/08/2021,26/08/2021,Special,Special,0.02,1,0.3,0.0086,0.0286,1.27,
AMH,AMCIL Limited,2022,7/02/2022,24/02/2022,Ordinary,Interim,0.01,1,0.3,0.0043,0.0143,1.21,
AMH,AMCIL Limited,2022,3/08/2022,25/08/2022,Ordinary,Final,0.025,1,0.3,0.0107,0.0357,1.09,
AMH,AMCIL Limited,2023,1/02/2023,23/02/2023,Ordinary,Interim,0.01,1,0.3,0.0043,0.0143,1.04,
AMH,AMCIL Limited,2023,4/08/2023,24/08/2023,Ordinary,Final,0.025,1,0.3,0.0107,0.0357,0.97,
AMH,AMCIL Limited,2023,4/08/2023,24/08/2023,Special,Special,0.015,1,0.3,0.0064,0.0214,0.97,
CDM,Cadence Capital Limited,2014,9/04/2014,24/04/2014,Ordinary,Interim,0.05,1,0.3,0.0214,0.0714,1.4089,
CDM,Cadence Capital Limited,2014,17/09/2014,30/09/2014,Ordinary,Final,0.05,1,0.3,0.0214,0.0714,1.3592,
CDM,Cadence Capital Limited,2015,25/03/2015,10/04/2015,Ordinary,Interim,0.05,1,0.3,0.0214,0.0714,1.3798,
CDM,Cadence Capital Limited,2015,20/10/2015,29/10/2015,Ordinary,Final,0.05,1,0.3,0.0214,0.0714,1.4077,
CDM,Cadence Capital Limited,2015,20/10/2015,29/10/2015,Special,Special,0.01,1,0.3,0.0043,0.0143,1.4077,
CDM,Cadence Capital Limited,2016,27/04/2016,12/05/2016,Ordinary,Interim,0.05,1,0.3,0.0214,0.0714,1.2501,
CDM,Cadence Capital Limited,2016,18/10/2016,27/10/2016,Ordinary,Final,0.04,1,0.3,0.0171,0.0571,1.187,
CDM,Cadence Capital Limited,2017,12/04/2017,28/04/2017,Ordinary,Interim,0.04,1,0.3,0.0171,0.0571,1.1822,
CDM,Cadence Capital Limited,2017,8/09/2017,18/09/2017,Ordinary,Final,0.04,1,0.3,0.0171,0.0571,1.2622,
CDM,Cadence Capital Limited,2018,9/04/2018,23/04/2018,Ordinary,Interim,0.04,1,0.3,0.0171,0.0571,1.2295,
CDM,Cadence Capital Limited,2018,7/09/2018,17/09/2018,Ordinary,Final,0.04,1,0.3,0.0171,0.0571,1.1931,
CDM,Cadence Capital Limited,2019,29/04/2019,13/05/2019,Ordinary,Interim,0.03,1,0.3,0.0129,0.0429,0.775,
CDM,Cadence Capital Limited,2019,18/10/2019,30/10/2019,Ordinary,Final,0.02,1,0.3,0.0086,0.0286,0.745,
CDM,Cadence Capital Limited,2020,29/04/2020,13/05/2020,Ordinary,Interim,0.02,1,0.3,0.0086,0.0286,0.53,
CDM,Cadence Capital Limited,2020,19/10/2020,30/10/2020,Ordinary,Final,0.02,1,0.3,0.0086,0.0286,0.785,
CDM,Cadence Capital Limited,2021,29/04/2021,13/05/2021,Ordinary,Interim,0.02,1,0.3,0.0086,0.0286,1.08,
CDM,Cadence Capital Limited,2021,18/10/2021,29/10/2021,Ordinary,Final,0.03,1,0.3,0.0129,0.0429,1.065,
CDM,Cadence Capital Limited,2022,31/03/2022,14/04/2022,Ordinary,Interim,0.04,1,0.3,0.0171,0.0571,1.0075,
CDM,Cadence Capital Limited,2022,17/10/2022,28/10/2022,Ordinary,Final,0.04,1,0.3,0.0171,0.0571,0.92,
CDM,Cadence Capital Limited,2023,14/04/2023,28/04/2023,Ordinary,Interim,0.04,1,0.3,0.0171,0.0571,0.85,
CDM,Cadence Capital Limited,2023,16/10/2023,31/10/2023,Ordinary,Final,0.03,1,0.3,0.0129,0.0429,0.7238,
WAX,WAM Research Limited,2014,11/04/2014,30/04/2014,Ordinary,Interim,0.0375,1,0.3,0.0161,0.0536,1.122,
WAX,WAM Research Limited,2014,13/10/2014,24/10/2014,Ordinary,Final,0.0375,1,0.3,0.0161,0.0536,1.097,
WAX,WAM Research Limited,2015,18/05/2015,28/05/2015,Ordinary,Interim,0.04,1,0.3,0.0171,0.0571,1.1362,
WAX,WAM Research Limited,2015,12/10/2015,23/10/2015,Ordinary,Final,0.04,1,0.3,0.0171,0.0571,1.1932,
WAX,WAM Research Limited,2016,13/04/2016,29/04/2016,Ordinary,Interim,0.0425,1,0.3,0.0182,0.0607,1.2645,
WAX,WAM Research Limited,2016,17/10/2016,28/10/2016,Ordinary,Final,0.0425,1,0.3,0.0182,0.0607,1.5766,
WAX,WAM Research Limited,2017,6/04/2017,21/04/2017,Ordinary,Interim,0.045,1,0.3,0.0193,0.0643,1.5116,
WAX,WAM Research Limited,2017,17/10/2017,27/10/2017,Ordinary,Final,0.045,1,0.3,0.0193,0.0643,1.5401,
WAX,WAM Research Limited,2018,12/04/2018,27/04/2018,Ordinary,Interim,0.0475,1,0.3,0.0204,0.0679,1.4692,
WAX,WAM Research Limited,2018,12/10/2018,26/10/2018,Ordinary,Final,0.0475,1,0.3,0.0204,0.0679,1.4986,
WAX,WAM Research Limited,2019,10/04/2019,26/04/2019,Ordinary,Interim,0.0485,1,0.3,0.0208,0.0693,1.2917,
WAX,WAM Research Limited,2019,4/10/2019,18/10/2019,Ordinary,Final,0.0485,1,0.3,0.0208,0.0693,1.3811,
WAX,WAM Research Limited,2020,6/04/2020,21/04/2020,Ordinary,Interim,0.049,1,0.3,0.021,0.07,1.1581,
WAX,WAM Research Limited,2020,12/10/2020,23/10/2020,Ordinary,Final,0.049,1,0.3,0.021,0.07,1.4057,
WAX,WAM Research Limited,2021,7/04/2021,20/04/2021,Ordinary,Interim,0.0495,1,0.3,0.0212,0.0707,1.6495,
WAX,WAM Research Limited,2021,11/10/2021,22/10/2021,Ordinary,Final,0.0495,1,0.3,0.0212,0.0707,1.6491,
WAX,WAM Research Limited,2022,4/04/2022,14/04/2022,Ordinary,Interim,0.05,1,0.3,0.0214,0.0714,1.6405,
WAX,WAM Research Limited,2022,4/10/2022,17/10/2022,Ordinary,Final,0.05,1,0.3,0.0214,0.0714,1.3001,
WAX,WAM Research Limited,2023,11/04/2023,21/04/2023,Ordinary,Interim,0.05,1,0.3,0.0214,0.0714,1.2228,
WAX,WAM Research Limited,2023,3/10/2023,16/10/2023,Ordinary,Final,0.05,0.6,0.3,0.0129,0.0629,1.0439,
PIA,Pengana International Equities Limited,2014,1/04/2014,16/04/2014,Ordinary,Interim,0.035,0,0.3,0,0.035,1.03,
PIA,Pengana International Equities Limited,2014,18/09/2014,1/10/2014,Ordinary,Final,0.03,0.23,0.3,0.003,0.033,1.12,
PIA,Pengana International Equities Limited,2015,15/04/2015,29/04/2015,Ordinary,Interim,0.04,0.18,0.3,0.0031,0.0431,1.21,
PIA,Pengana International Equities Limited,2015,3/09/2015,18/09/2015,Ordinary,Final,0.08,0,0.3,0,0.08,1.08,
PIA,Pengana International Equities Limited,2016,7/04/2016,22/04/2016,Ordinary,Interim,0.03,1,0.3,0.0129,0.0429,1.16,
PIA,Pengana International Equities Limited,2016,22/09/2016,30/09/2016,Ordinary,Final,0.035,1,0.3,0.015,0.05,1.39,
PIA,Pengana International Equities Limited,2017,3/04/2017,21/04/2017,Ordinary,Interim,0.035,1,0.3,0.015,0.05,1.19,
PIA,Pengana International Equities Limited,2017,21/09/2017,6/10/2017,Ordinary,Final,0.035,1,0.3,0.015,0.05,1.1298,
PIA,Pengana International Equities Limited,2018,12/04/2018,30/04/2018,Ordinary,Interim,0.035,1,0.3,0.015,0.05,1.15,
PIA,Pengana International Equities Limited,2018,20/09/2018,28/09/2018,Ordinary,Final,0.035,1,0.28,0.0133,0.0483,1.1693,
PIA,Pengana International Equities Limited,2019,11/04/2019,7/05/2019,Ordinary,Interim,0.035,1,0.28,0.0133,0.0483,1.09,
PIA,Pengana International Equities Limited,2019,4/11/2019,19/11/2019,Ordinary,Final,0.035,0.67,0.28,0.0089,0.0439,1.0874,
PIA,Pengana International Equities Limited,2020,8/04/2020,30/04/2020,Ordinary,Interim,0.025,1,0.28,0.0095,0.0345,0.97,
PIA,Pengana International Equities Limited,2020,8/10/2020,23/10/2020,Ordinary,Final,0.025,1,0.3,0.0107,0.0357,1.1818,
PIA,Pengana International Equities Limited,2021,6/01/2021,22/01/2021,Ordinary,Interim,0.0125,1,0.3,0.0054,0.0179,1.1286,
PIA,Pengana International Equities Limited,2021,7/04/2021,29/04/2021,Ordinary,Interim,0.0125,1,0.3,0.0054,0.0179,1.2003,
PIA,Pengana International Equities Limited,2021,28/05/2021,15/06/2021,Ordinary,Interim,0.0125,1,0.3,0.0054,0.0179,1.2403,
PIA,Pengana International Equities Limited,2021,7/09/2021,22/09/2021,Ordinary,Final,0.0135,1,0.3,0.0058,0.0193,1.4282,
PIA,Pengana International Equities Limited,2022,30/11/2021,15/12/2021,Ordinary,Interim,0.0135,1,0.3,0.0058,0.0193,1.4043,
PIA,Pengana International Equities Limited,2022,28/02/2022,15/03/2022,Ordinary,Interim,0.0135,1,0.3,0.0058,0.0193,1.2175,
PIA,Pengana International Equities Limited,2022,31/05/2022,15/06/2022,Ordinary,Interim,0.0135,1,0.3,0.0058,0.0193,1.0039,
PIA,Pengana International Equities Limited,2022,31/08/2022,15/09/2022,Ordinary,Final,0.0135,1,0.25,0.0045,0.018,1.0054,
PIA,Pengana International Equities Limited,2023,30/11/2022,15/12/2022,Ordinary,Interim,0.0135,1,0.25,0.0045,0.018,0.9226,
PIA,Pengana International Equities Limited,2023,28/02/2023,15/03/2023,Ordinary,Interim,0.0135,1,0.25,0.0045,0.018,0.9524,
PIA,Pengana International Equities Limited,2023,31/05/2023,15/06/2023,Ordinary,Interim,0.0135,1,0.25,0.0045,0.018,0.9803,
PIA,Pengana International Equities Limited,2023,31/08/2023,15/09/2023,Ordinary,Final,0.0135,1,0.25,0.0045,0.018,1.0641,
PIA,Pengana International Equities Limited,2024,30/11/2023,15/12/2023,Ordinary,Interim,0.0135,1,0.25,0.0045,0.018,1.0416,
PL8,Plato Income Maximiser Limited,2024,14/12/2023,29/12/2023,Ordinary,Interim,0.0055,1,0.3,0.0024,0.0079,1.18,
